Commit: Tue Jan 21 22:05:52 EST 2025
Commit: Wed Jan 22 22:00:01 EST 2025
Commit: Fri Jan 24 22:00:00 EST 2025
Commit: Sat Jan 25 22:00:00 EST 2025
Commit: Wed Jan 29 22:00:00 EST 2025
Commit: Sat Feb 22 22:00:00 EST 2025
Commit: Sat Mar  1 22:00:01 EST 2025
Commit: Mon Mar  3 22:00:00 EST 2025
Commit: Sat Mar 15 22:00:00 EDT 2025
Commit: Wed Mar 19 22:00:00 EDT 2025
Commit: Sat Mar 22 22:00:00 EDT 2025
Commit: Tue Jun 17 00:34:18 UTC 2025
Commit: Tue Jun 17 22:12:01 UTC 2025
Commit: Wed Jun 18 22:12:06 UTC 2025
Commit: Thu Jun 19 22:12:08 UTC 2025
Commit: Fri Jun 20 22:12:03 UTC 2025
Commit: Sat Jun 21 22:11:17 UTC 2025
Commit: Sun Jun 22 22:11:22 UTC 2025
Commit: Mon Jun 23 22:12:57 UTC 2025
Commit: Tue Jun 24 22:12:17 UTC 2025
Commit: Wed Jun 25 14:25:45 UTC 2025
Commit: Wed Jun 25 16:29:15 UTC 2025
Commit: Wed Jun 25 18:31:42 UTC 2025
Commit: Wed Jun 25 20:24:52 UTC 2025
Commit: Wed Jun 25 22:20:29 UTC 2025
Commit: Thu Jun 26 01:49:43 UTC 2025
Commit: Thu Jun 26 03:19:26 UTC 2025
Commit: Thu Jun 26 04:30:24 UTC 2025
Commit: Thu Jun 26 06:33:10 UTC 2025
Commit: Thu Jun 26 08:30:07 UTC 2025
Commit: Thu Jun 26 10:23:40 UTC 2025
Commit: Thu Jun 26 12:45:55 UTC 2025
Commit: Thu Jun 26 14:21:18 UTC 2025
Commit: Thu Jun 26 16:27:24 UTC 2025
Commit: Thu Jun 26 20:28:45 UTC 2025
Commit: Fri Jun 27 02:08:06 UTC 2025
Commit: Fri Jun 27 04:34:48 UTC 2025
Commit: Fri Jun 27 08:34:34 UTC 2025
Commit: Fri Jun 27 12:53:25 UTC 2025
Commit: Fri Jun 27 16:32:22 UTC 2025
Commit: Fri Jun 27 20:28:02 UTC 2025
Commit: Mon Jun 30 02:19:26 UTC 2025
Commit: Mon Jun 30 04:38:27 UTC 2025
Commit: Mon Jun 30 08:36:10 UTC 2025
Commit: Mon Jun 30 12:54:48 UTC 2025
Commit: Mon Jun 30 16:33:36 UTC 2025
Commit: Mon Jun 30 20:27:56 UTC 2025
Commit: Tue Jul  1 02:25:41 UTC 2025
Commit: Tue Jul  1 04:41:40 UTC 2025
Commit: Tue Jul  1 08:35:21 UTC 2025
Commit: Tue Jul  1 12:55:00 UTC 2025
Commit: Tue Jul  1 16:33:22 UTC 2025
Commit: Tue Jul  1 20:28:44 UTC 2025
Commit: Wed Jul  2 02:07:42 UTC 2025
Commit: Wed Jul  2 04:35:37 UTC 2025
Commit: Wed Jul  2 08:35:05 UTC 2025
Commit: Wed Jul  2 12:54:28 UTC 2025
Commit: Wed Jul  2 16:33:07 UTC 2025
Commit: Wed Jul  2 20:27:05 UTC 2025
Commit: Thu Jul  3 02:08:14 UTC 2025
Commit: Thu Jul  3 04:37:56 UTC 2025
Commit: Thu Jul  3 08:34:17 UTC 2025
Commit: Thu Jul  3 12:52:51 UTC 2025
Commit: Thu Jul  3 16:32:51 UTC 2025
Commit: Thu Jul  3 20:27:48 UTC 2025
Commit: Fri Jul  4 02:07:21 UTC 2025
Commit: Fri Jul  4 04:35:32 UTC 2025
Commit: Fri Jul  4 08:34:15 UTC 2025
Commit: Fri Jul  4 12:53:22 UTC 2025
Commit: Fri Jul  4 16:31:41 UTC 2025
Commit: Fri Jul  4 20:27:22 UTC 2025
Commit: Mon Jul  7 02:19:54 UTC 2025
Commit: Mon Jul  7 04:38:55 UTC 2025
Commit: Mon Jul  7 08:36:38 UTC 2025
Commit: Mon Jul  7 12:55:16 UTC 2025
Commit: Mon Jul  7 16:33:56 UTC 2025
Commit: Mon Jul  7 20:29:13 UTC 2025
Commit: Tue Jul  8 02:08:47 UTC 2025
Commit: Tue Jul  8 04:35:47 UTC 2025
Commit: Tue Jul  8 08:35:22 UTC 2025
Commit: Tue Jul  8 12:55:07 UTC 2025
Commit: Tue Jul  8 16:34:11 UTC 2025
Commit: Tue Jul  8 20:29:05 UTC 2025
Commit: Wed Jul  9 02:10:08 UTC 2025
Commit: Wed Jul  9 04:39:24 UTC 2025
Commit: Wed Jul  9 08:35:31 UTC 2025
Commit: Wed Jul  9 12:55:15 UTC 2025
Commit: Wed Jul  9 16:33:21 UTC 2025
Commit: Wed Jul  9 20:29:14 UTC 2025
Commit: Thu Jul 10 02:10:25 UTC 2025
Commit: Thu Jul 10 04:37:35 UTC 2025
Commit: Thu Jul 10 08:35:10 UTC 2025
Commit: Thu Jul 10 12:55:48 UTC 2025
Commit: Thu Jul 10 16:34:20 UTC 2025
Commit: Thu Jul 10 20:29:24 UTC 2025
Commit: Fri Jul 11 02:19:13 UTC 2025
Commit: Fri Jul 11 04:41:16 UTC 2025
Commit: Fri Jul 11 08:35:19 UTC 2025
Commit: Fri Jul 11 12:54:36 UTC 2025
Commit: Fri Jul 11 16:33:29 UTC 2025
Commit: Fri Jul 11 20:29:12 UTC 2025
Commit: Mon Jul 14 02:23:26 UTC 2025
Commit: Mon Jul 14 04:47:40 UTC 2025
Commit: Mon Jul 14 08:39:01 UTC 2025
Commit: Mon Jul 14 12:56:30 UTC 2025
Commit: Mon Jul 14 16:34:47 UTC 2025
Commit: Mon Jul 14 20:29:46 UTC 2025
Commit: Tue Jul 15 02:22:58 UTC 2025
Commit: Tue Jul 15 04:43:26 UTC 2025
Commit: Tue Jul 15 08:36:43 UTC 2025
Commit: Tue Jul 15 12:56:58 UTC 2025
Commit: Tue Jul 15 16:35:10 UTC 2025
Commit: Tue Jul 15 20:30:12 UTC 2025
Commit: Wed Jul 16 02:19:48 UTC 2025
Commit: Wed Jul 16 04:42:41 UTC 2025
Commit: Wed Jul 16 08:36:36 UTC 2025
Commit: Wed Jul 16 12:57:41 UTC 2025
Commit: Wed Jul 16 16:35:26 UTC 2025
Commit: Wed Jul 16 20:30:19 UTC 2025
Commit: Thu Jul 17 02:20:25 UTC 2025
Commit: Thu Jul 17 04:42:00 UTC 2025
Commit: Thu Jul 17 08:36:26 UTC 2025
Commit: Thu Jul 17 12:56:56 UTC 2025
Commit: Thu Jul 17 16:34:55 UTC 2025
Commit: Thu Jul 17 20:29:55 UTC 2025
Commit: Fri Jul 18 02:21:52 UTC 2025
Commit: Fri Jul 18 04:45:34 UTC 2025
Commit: Fri Jul 18 08:36:07 UTC 2025
Commit: Fri Jul 18 12:57:59 UTC 2025
Commit: Fri Jul 18 16:35:09 UTC 2025
Commit: Fri Jul 18 20:29:25 UTC 2025
Commit: Mon Jul 21 02:27:05 UTC 2025
Commit: Mon Jul 21 04:49:28 UTC 2025
Commit: Mon Jul 21 08:39:48 UTC 2025
Commit: Mon Jul 21 12:58:41 UTC 2025
Commit: Mon Jul 21 16:34:56 UTC 2025
Commit: Mon Jul 21 20:30:24 UTC 2025
Commit: Tue Jul 22 02:21:06 UTC 2025
Commit: Tue Jul 22 04:43:45 UTC 2025
Commit: Tue Jul 22 08:37:20 UTC 2025
Commit: Tue Jul 22 12:58:34 UTC 2025
Commit: Tue Jul 22 16:35:58 UTC 2025
Commit: Tue Jul 22 20:30:38 UTC 2025
Commit: Wed Jul 23 02:22:24 UTC 2025
Commit: Wed Jul 23 04:47:22 UTC 2025
Commit: Wed Jul 23 08:38:03 UTC 2025
Commit: Wed Jul 23 12:58:45 UTC 2025
Commit: Wed Jul 23 16:35:56 UTC 2025
Commit: Wed Jul 23 20:30:46 UTC 2025
Commit: Thu Jul 24 02:21:24 UTC 2025
Commit: Thu Jul 24 04:44:57 UTC 2025
Commit: Thu Jul 24 08:37:08 UTC 2025
Commit: Thu Jul 24 12:58:14 UTC 2025
Commit: Thu Jul 24 16:33:08 UTC 2025
Commit: Thu Jul 24 20:28:43 UTC 2025
Commit: Fri Jul 25 02:20:58 UTC 2025
Commit: Fri Jul 25 04:44:31 UTC 2025
Commit: Fri Jul 25 08:36:08 UTC 2025
Commit: Fri Jul 25 12:57:07 UTC 2025
Commit: Fri Jul 25 16:34:35 UTC 2025
Commit: Fri Jul 25 20:29:52 UTC 2025
Commit: Mon Jul 28 02:27:57 UTC 2025
Commit: Mon Jul 28 04:51:53 UTC 2025
Commit: Mon Jul 28 08:39:09 UTC 2025
Commit: Mon Jul 28 12:59:26 UTC 2025
Commit: Mon Jul 28 16:36:22 UTC 2025
Commit: Mon Jul 28 20:31:44 UTC 2025
Commit: Tue Jul 29 02:33:01 UTC 2025
Commit: Tue Jul 29 04:51:58 UTC 2025
Commit: Tue Jul 29 08:37:35 UTC 2025
Commit: Tue Jul 29 13:00:07 UTC 2025
Commit: Tue Jul 29 16:34:56 UTC 2025
Commit: Tue Jul 29 20:31:25 UTC 2025
Commit: Wed Jul 30 02:24:39 UTC 2025
Commit: Wed Jul 30 04:50:25 UTC 2025
Commit: Wed Jul 30 08:38:05 UTC 2025
Commit: Wed Jul 30 12:59:43 UTC 2025
Commit: Wed Jul 30 16:34:23 UTC 2025
Commit: Wed Jul 30 20:29:20 UTC 2025
Commit: Thu Jul 31 02:23:45 UTC 2025
Commit: Thu Jul 31 04:48:44 UTC 2025
Commit: Thu Jul 31 08:37:51 UTC 2025
Commit: Thu Jul 31 12:58:23 UTC 2025
Commit: Thu Jul 31 16:35:48 UTC 2025
Commit: Thu Jul 31 20:31:20 UTC 2025
Commit: Fri Aug  1 02:35:21 UTC 2025
Commit: Fri Aug  1 04:57:02 UTC 2025
Commit: Fri Aug  1 08:37:24 UTC 2025
Commit: Fri Aug  1 12:58:52 UTC 2025
Commit: Fri Aug  1 16:36:10 UTC 2025
Commit: Fri Aug  1 20:30:10 UTC 2025
Commit: Mon Aug  4 02:33:13 UTC 2025
Commit: Mon Aug  4 05:00:56 UTC 2025
Commit: Mon Aug  4 08:39:01 UTC 2025
Commit: Mon Aug  4 13:01:16 UTC 2025
Commit: Mon Aug  4 16:38:04 UTC 2025
Commit: Mon Aug  4 20:31:32 UTC 2025
Commit: Tue Aug  5 02:26:51 UTC 2025
Commit: Tue Aug  5 04:53:27 UTC 2025
Commit: Tue Aug  5 08:38:51 UTC 2025
Commit: Tue Aug  5 13:01:09 UTC 2025
Commit: Tue Aug  5 16:30:05 UTC 2025
Commit: Tue Aug  5 20:29:19 UTC 2025
Commit: Wed Aug  6 02:25:06 UTC 2025
Commit: Wed Aug  6 04:51:51 UTC 2025
Commit: Wed Aug  6 08:38:16 UTC 2025
Commit: Wed Aug  6 13:01:11 UTC 2025
Commit: Wed Aug  6 16:36:23 UTC 2025
Commit: Wed Aug  6 20:30:43 UTC 2025
Commit: Thu Aug  7 02:25:25 UTC 2025
Commit: Thu Aug  7 04:51:41 UTC 2025
Commit: Thu Aug  7 08:38:06 UTC 2025
Commit: Thu Aug  7 13:00:35 UTC 2025
Commit: Thu Aug  7 16:36:56 UTC 2025
Commit: Thu Aug  7 20:31:25 UTC 2025
Commit: Fri Aug  8 02:25:15 UTC 2025
Commit: Fri Aug  8 04:51:34 UTC 2025
Commit: Fri Aug  8 08:37:46 UTC 2025
Commit: Fri Aug  8 12:59:19 UTC 2025
Commit: Fri Aug  8 16:33:25 UTC 2025
Commit: Fri Aug  8 20:29:55 UTC 2025
Commit: Mon Aug 11 02:24:57 UTC 2025
Commit: Mon Aug 11 04:50:46 UTC 2025
Commit: Mon Aug 11 08:38:23 UTC 2025
Commit: Mon Aug 11 12:58:33 UTC 2025
Commit: Mon Aug 11 16:35:31 UTC 2025
Commit: Mon Aug 11 20:27:20 UTC 2025
Commit: Tue Aug 12 02:06:52 UTC 2025
Commit: Tue Aug 12 04:34:17 UTC 2025
Commit: Tue Aug 12 08:35:03 UTC 2025
Commit: Tue Aug 12 12:55:45 UTC 2025
Commit: Tue Aug 12 16:34:29 UTC 2025
Commit: Tue Aug 12 20:29:37 UTC 2025
Commit: Wed Aug 13 02:08:25 UTC 2025
Commit: Wed Aug 13 04:35:51 UTC 2025
Commit: Wed Aug 13 08:35:47 UTC 2025
Commit: Wed Aug 13 12:56:40 UTC 2025
Commit: Wed Aug 13 16:29:31 UTC 2025
Commit: Wed Aug 13 20:29:14 UTC 2025
Commit: Thu Aug 14 02:09:23 UTC 2025
Commit: Thu Aug 14 04:35:55 UTC 2025
Commit: Thu Aug 14 08:36:19 UTC 2025
Commit: Thu Aug 14 12:57:21 UTC 2025
Commit: Thu Aug 14 16:34:31 UTC 2025
Commit: Thu Aug 14 20:29:30 UTC 2025
Commit: Fri Aug 15 02:09:52 UTC 2025
Commit: Fri Aug 15 04:36:37 UTC 2025
Commit: Fri Aug 15 08:34:26 UTC 2025
Commit: Fri Aug 15 12:53:17 UTC 2025
Commit: Fri Aug 15 16:32:20 UTC 2025
Commit: Fri Aug 15 20:28:29 UTC 2025
Commit: Mon Aug 18 02:21:57 UTC 2025
Commit: Mon Aug 18 04:43:25 UTC 2025
Commit: Mon Aug 18 08:37:11 UTC 2025
Commit: Mon Aug 18 12:57:29 UTC 2025
Commit: Mon Aug 18 16:34:26 UTC 2025
Commit: Mon Aug 18 20:26:51 UTC 2025
Commit: Tue Aug 19 02:02:43 UTC 2025
Commit: Tue Aug 19 04:30:11 UTC 2025
Commit: Tue Aug 19 08:33:48 UTC 2025
Commit: Tue Aug 19 12:52:04 UTC 2025
Commit: Tue Aug 19 16:32:25 UTC 2025
Commit: Tue Aug 19 20:26:57 UTC 2025
Commit: Wed Aug 20 02:00:40 UTC 2025
Commit: Wed Aug 20 04:30:51 UTC 2025
Commit: Wed Aug 20 08:33:29 UTC 2025
Commit: Wed Aug 20 12:53:37 UTC 2025
Commit: Wed Aug 20 16:30:50 UTC 2025
Commit: Wed Aug 20 20:28:03 UTC 2025
Commit: Thu Aug 21 01:59:11 UTC 2025
Commit: Thu Aug 21 04:30:13 UTC 2025
Commit: Thu Aug 21 08:33:02 UTC 2025
Commit: Thu Aug 21 12:52:44 UTC 2025
Commit: Thu Aug 21 16:36:25 UTC 2025
Commit: Thu Aug 21 20:27:02 UTC 2025
Commit: Fri Aug 22 02:00:05 UTC 2025
Commit: Fri Aug 22 04:29:22 UTC 2025
Commit: Fri Aug 22 08:32:53 UTC 2025
Commit: Fri Aug 22 12:51:34 UTC 2025
Commit: Fri Aug 22 16:31:14 UTC 2025
Commit: Fri Aug 22 20:27:14 UTC 2025
Commit: Mon Aug 25 02:04:56 UTC 2025
Commit: Mon Aug 25 04:33:04 UTC 2025
Commit: Mon Aug 25 08:35:44 UTC 2025
Commit: Mon Aug 25 12:54:22 UTC 2025
Commit: Mon Aug 25 16:31:59 UTC 2025
Commit: Mon Aug 25 20:27:36 UTC 2025
Commit: Tue Aug 26 02:01:02 UTC 2025
Commit: Tue Aug 26 04:30:11 UTC 2025
Commit: Tue Aug 26 08:34:49 UTC 2025
Commit: Tue Aug 26 12:55:15 UTC 2025
Commit: Tue Aug 26 16:30:39 UTC 2025
Commit: Tue Aug 26 20:26:59 UTC 2025
Commit: Wed Aug 27 01:57:21 UTC 2025
Commit: Wed Aug 27 04:29:22 UTC 2025
Commit: Wed Aug 27 08:32:36 UTC 2025
Commit: Wed Aug 27 12:51:42 UTC 2025
Commit: Wed Aug 27 16:31:33 UTC 2025
Commit: Wed Aug 27 20:26:58 UTC 2025
Commit: Thu Aug 28 01:56:26 UTC 2025
Commit: Thu Aug 28 04:28:58 UTC 2025
Commit: Thu Aug 28 08:32:44 UTC 2025
Commit: Thu Aug 28 12:51:48 UTC 2025
Commit: Thu Aug 28 16:31:17 UTC 2025
Commit: Thu Aug 28 20:26:46 UTC 2025
Commit: Fri Aug 29 01:56:22 UTC 2025
Commit: Fri Aug 29 04:29:12 UTC 2025
Commit: Fri Aug 29 08:32:17 UTC 2025
Commit: Fri Aug 29 12:50:37 UTC 2025
Commit: Fri Aug 29 16:30:39 UTC 2025
Commit: Fri Aug 29 20:25:40 UTC 2025
Commit: Mon Sep  1 02:18:42 UTC 2025
Commit: Mon Sep  1 04:34:14 UTC 2025
Commit: Mon Sep  1 08:35:19 UTC 2025
Commit: Mon Sep  1 12:53:14 UTC 2025
Commit: Mon Sep  1 16:29:37 UTC 2025
Commit: Mon Sep  1 20:25:21 UTC 2025
Commit: Tue Sep  2 01:58:25 UTC 2025
Commit: Tue Sep  2 04:29:54 UTC 2025
Commit: Tue Sep  2 08:33:09 UTC 2025
Commit: Tue Sep  2 12:52:53 UTC 2025
Commit: Tue Sep  2 16:31:41 UTC 2025
Commit: Tue Sep  2 20:24:01 UTC 2025
Commit: Wed Sep  3 01:50:22 UTC 2025
Commit: Wed Sep  3 04:28:09 UTC 2025
Commit: Wed Sep  3 08:31:26 UTC 2025
Commit: Wed Sep  3 12:50:31 UTC 2025
Commit: Wed Sep  3 16:30:21 UTC 2025
Commit: Wed Sep  3 20:26:24 UTC 2025
Commit: Thu Sep  4 01:50:57 UTC 2025
Commit: Thu Sep  4 04:27:52 UTC 2025
Commit: Thu Sep  4 08:31:09 UTC 2025
Commit: Thu Sep  4 12:48:50 UTC 2025
Commit: Thu Sep  4 16:30:36 UTC 2025
Commit: Thu Sep  4 20:25:43 UTC 2025
Commit: Fri Sep  5 01:54:00 UTC 2025
Commit: Fri Sep  5 04:29:03 UTC 2025
Commit: Fri Sep  5 08:31:29 UTC 2025
Commit: Fri Sep  5 12:49:49 UTC 2025
Commit: Fri Sep  5 16:28:09 UTC 2025
Commit: Fri Sep  5 20:26:04 UTC 2025
Commit: Mon Sep  8 01:59:23 UTC 2025
Commit: Mon Sep  8 04:30:04 UTC 2025
Commit: Mon Sep  8 08:34:26 UTC 2025
Commit: Mon Sep  8 12:53:25 UTC 2025
Commit: Mon Sep  8 16:30:31 UTC 2025
Commit: Mon Sep  8 20:26:56 UTC 2025
Commit: Tue Sep  9 01:55:39 UTC 2025
Commit: Tue Sep  9 04:29:30 UTC 2025
Commit: Tue Sep  9 08:33:30 UTC 2025
Commit: Tue Sep  9 12:54:05 UTC 2025
Commit: Tue Sep  9 16:31:01 UTC 2025
Commit: Tue Sep  9 20:26:08 UTC 2025
Commit: Wed Sep 10 01:51:42 UTC 2025
Commit: Wed Sep 10 04:27:09 UTC 2025
Commit: Wed Sep 10 08:32:56 UTC 2025
Commit: Wed Sep 10 12:50:42 UTC 2025
Commit: Wed Sep 10 16:30:41 UTC 2025
Commit: Wed Sep 10 20:26:04 UTC 2025
Commit: Thu Sep 11 01:54:53 UTC 2025
Commit: Thu Sep 11 04:28:30 UTC 2025
Commit: Thu Sep 11 08:31:34 UTC 2025
Commit: Thu Sep 11 12:49:47 UTC 2025
Commit: Thu Sep 11 16:29:44 UTC 2025
Commit: Thu Sep 11 20:23:07 UTC 2025
Commit: Fri Sep 12 01:50:09 UTC 2025
Commit: Fri Sep 12 04:27:04 UTC 2025
Commit: Fri Sep 12 08:30:52 UTC 2025
Commit: Fri Sep 12 12:49:00 UTC 2025
Commit: Fri Sep 12 16:26:13 UTC 2025
Commit: Fri Sep 12 20:25:12 UTC 2025
Commit: Mon Sep 15 02:00:39 UTC 2025
Commit: Mon Sep 15 04:29:55 UTC 2025
Commit: Mon Sep 15 08:33:00 UTC 2025
Commit: Mon Sep 15 12:52:21 UTC 2025
Commit: Mon Sep 15 16:31:17 UTC 2025
Commit: Mon Sep 15 20:25:52 UTC 2025
Commit: Tue Sep 16 01:51:45 UTC 2025
Commit: Tue Sep 16 04:28:24 UTC 2025
Commit: Tue Sep 16 08:33:03 UTC 2025
Commit: Tue Sep 16 12:51:55 UTC 2025
Commit: Tue Sep 16 16:30:35 UTC 2025
Commit: Tue Sep 16 20:26:34 UTC 2025
Commit: Wed Sep 17 01:51:15 UTC 2025
Commit: Wed Sep 17 04:28:54 UTC 2025
Commit: Wed Sep 17 08:31:52 UTC 2025
Commit: Wed Sep 17 12:52:11 UTC 2025
Commit: Wed Sep 17 16:30:45 UTC 2025
Commit: Wed Sep 17 20:25:44 UTC 2025
Commit: Thu Sep 18 01:51:36 UTC 2025
Commit: Thu Sep 18 04:29:08 UTC 2025
Commit: Thu Sep 18 08:31:16 UTC 2025
Commit: Thu Sep 18 12:50:58 UTC 2025
Commit: Thu Sep 18 16:29:55 UTC 2025
Commit: Thu Sep 18 20:26:28 UTC 2025
Commit: Fri Sep 19 01:55:13 UTC 2025
Commit: Fri Sep 19 04:28:37 UTC 2025
Commit: Fri Sep 19 08:31:58 UTC 2025
Commit: Fri Sep 19 12:51:10 UTC 2025
Commit: Fri Sep 19 16:29:21 UTC 2025
Commit: Fri Sep 19 20:25:40 UTC 2025
Commit: Mon Sep 22 02:02:54 UTC 2025
Commit: Mon Sep 22 04:29:20 UTC 2025
Commit: Mon Sep 22 08:33:58 UTC 2025
Commit: Mon Sep 22 12:53:00 UTC 2025
Commit: Mon Sep 22 16:31:38 UTC 2025
Commit: Mon Sep 22 20:26:40 UTC 2025
Commit: Tue Sep 23 01:52:28 UTC 2025
Commit: Tue Sep 23 04:28:44 UTC 2025
Commit: Tue Sep 23 08:32:22 UTC 2025
Commit: Tue Sep 23 12:51:19 UTC 2025
Commit: Tue Sep 23 16:31:20 UTC 2025
Commit: Tue Sep 23 20:26:53 UTC 2025
Commit: Wed Sep 24 01:53:46 UTC 2025
Commit: Wed Sep 24 04:28:38 UTC 2025
Commit: Wed Sep 24 08:33:15 UTC 2025
Commit: Wed Sep 24 12:51:49 UTC 2025
Commit: Wed Sep 24 16:31:54 UTC 2025
Commit: Wed Sep 24 20:27:25 UTC 2025
Commit: Thu Sep 25 01:54:42 UTC 2025
Commit: Thu Sep 25 04:28:42 UTC 2025
Commit: Thu Sep 25 08:32:45 UTC 2025
Commit: Thu Sep 25 12:53:14 UTC 2025
Commit: Thu Sep 25 16:30:53 UTC 2025
Commit: Thu Sep 25 20:26:59 UTC 2025
Commit: Fri Sep 26 01:53:49 UTC 2025
Commit: Fri Sep 26 04:28:45 UTC 2025
Commit: Fri Sep 26 08:33:08 UTC 2025
Commit: Fri Sep 26 12:51:53 UTC 2025
Commit: Fri Sep 26 16:30:49 UTC 2025
Commit: Fri Sep 26 20:26:03 UTC 2025
Commit: Mon Sep 29 01:57:12 UTC 2025
Commit: Mon Sep 29 04:30:03 UTC 2025
Commit: Mon Sep 29 08:35:33 UTC 2025
Commit: Mon Sep 29 12:54:06 UTC 2025
Commit: Mon Sep 29 16:25:16 UTC 2025
Commit: Mon Sep 29 20:23:59 UTC 2025
Commit: Tue Sep 30 01:52:02 UTC 2025
Commit: Tue Sep 30 04:29:21 UTC 2025
Commit: Tue Sep 30 08:34:25 UTC 2025
Commit: Tue Sep 30 12:54:06 UTC 2025
Commit: Tue Sep 30 16:31:10 UTC 2025
Commit: Tue Sep 30 20:26:27 UTC 2025
Commit: Wed Oct  1 02:04:39 UTC 2025
Commit: Wed Oct  1 04:28:59 UTC 2025
Commit: Wed Oct  1 08:33:02 UTC 2025
Commit: Wed Oct  1 12:53:51 UTC 2025
Commit: Wed Oct  1 16:31:05 UTC 2025
Commit: Wed Oct  1 20:26:57 UTC 2025
Commit: Thu Oct  2 01:52:24 UTC 2025
Commit: Thu Oct  2 04:27:46 UTC 2025
Commit: Thu Oct  2 08:32:04 UTC 2025
Commit: Thu Oct  2 12:50:00 UTC 2025
Commit: Thu Oct  2 16:29:54 UTC 2025
Commit: Thu Oct  2 20:26:28 UTC 2025
Commit: Fri Oct  3 01:51:52 UTC 2025
Commit: Fri Oct  3 04:27:22 UTC 2025
Commit: Fri Oct  3 08:30:55 UTC 2025
Commit: Fri Oct  3 12:49:51 UTC 2025
Commit: Fri Oct  3 16:29:18 UTC 2025
Commit: Fri Oct  3 20:26:01 UTC 2025
Commit: Mon Oct  6 01:55:26 UTC 2025
Commit: Mon Oct  6 04:28:29 UTC 2025
Commit: Mon Oct  6 08:32:50 UTC 2025
Commit: Mon Oct  6 12:52:56 UTC 2025
Commit: Mon Oct  6 16:30:14 UTC 2025
Commit: Mon Oct  6 20:26:39 UTC 2025
Commit: Tue Oct  7 01:52:52 UTC 2025
Commit: Tue Oct  7 04:29:09 UTC 2025
Commit: Tue Oct  7 08:32:59 UTC 2025
Commit: Tue Oct  7 12:52:53 UTC 2025
Commit: Tue Oct  7 16:30:45 UTC 2025
Commit: Tue Oct  7 20:26:35 UTC 2025
Commit: Wed Oct  8 01:52:44 UTC 2025
Commit: Wed Oct  8 04:28:58 UTC 2025
Commit: Wed Oct  8 08:33:39 UTC 2025
Commit: Wed Oct  8 12:53:00 UTC 2025
Commit: Wed Oct  8 16:30:57 UTC 2025
Commit: Wed Oct  8 20:26:31 UTC 2025
Commit: Thu Oct  9 01:53:53 UTC 2025
Commit: Thu Oct  9 04:29:25 UTC 2025
Commit: Thu Oct  9 08:33:23 UTC 2025
Commit: Thu Oct  9 12:53:15 UTC 2025
Commit: Thu Oct  9 16:33:16 UTC 2025
Commit: Thu Oct  9 20:27:22 UTC 2025
Commit: Fri Oct 10 01:54:13 UTC 2025
Commit: Fri Oct 10 04:29:00 UTC 2025
Commit: Fri Oct 10 08:32:27 UTC 2025
Commit: Fri Oct 10 12:51:35 UTC 2025
Commit: Fri Oct 10 16:30:28 UTC 2025
Commit: Fri Oct 10 20:26:21 UTC 2025
Commit: Mon Oct 13 04:29:46 UTC 2025
Commit: Mon Oct 13 08:35:34 UTC 2025
Commit: Mon Oct 13 12:53:22 UTC 2025
Commit: Mon Oct 13 16:31:27 UTC 2025
Commit: Mon Oct 13 20:26:56 UTC 2025
Commit: Tue Oct 14 01:54:48 UTC 2025
Commit: Tue Oct 14 04:29:21 UTC 2025
Commit: Tue Oct 14 08:31:26 UTC 2025
Commit: Tue Oct 14 12:54:58 UTC 2025
Commit: Tue Oct 14 16:31:45 UTC 2025
Commit: Tue Oct 14 20:27:05 UTC 2025
Commit: Wed Oct 15 01:57:34 UTC 2025
Commit: Wed Oct 15 04:29:01 UTC 2025
Commit: Wed Oct 15 08:35:01 UTC 2025
Commit: Wed Oct 15 12:54:53 UTC 2025
Commit: Wed Oct 15 16:28:29 UTC 2025
Commit: Wed Oct 15 20:28:05 UTC 2025
Commit: Thu Oct 16 01:56:12 UTC 2025
Commit: Thu Oct 16 04:28:53 UTC 2025
Commit: Thu Oct 16 08:34:59 UTC 2025
Commit: Thu Oct 16 12:54:42 UTC 2025
Commit: Thu Oct 16 16:32:16 UTC 2025
Commit: Thu Oct 16 20:27:12 UTC 2025
Commit: Fri Oct 17 01:55:17 UTC 2025
Commit: Fri Oct 17 04:29:44 UTC 2025
Commit: Fri Oct 17 08:33:33 UTC 2025
Commit: Fri Oct 17 12:53:08 UTC 2025
Commit: Fri Oct 17 16:30:44 UTC 2025
Commit: Fri Oct 17 20:27:10 UTC 2025
Commit: Mon Oct 20 02:04:58 UTC 2025
Commit: Mon Oct 20 04:30:52 UTC 2025
Commit: Mon Oct 20 08:33:46 UTC 2025
Commit: Mon Oct 20 12:53:49 UTC 2025
Commit: Mon Oct 20 16:31:49 UTC 2025
Commit: Mon Oct 20 20:28:44 UTC 2025
Commit: Tue Oct 21 01:58:27 UTC 2025
Commit: Tue Oct 21 04:29:46 UTC 2025
Commit: Tue Oct 21 08:35:28 UTC 2025
Commit: Tue Oct 21 12:55:32 UTC 2025
Commit: Tue Oct 21 16:32:02 UTC 2025
Commit: Tue Oct 21 20:29:09 UTC 2025
Commit: Wed Oct 22 02:01:42 UTC 2025
Commit: Wed Oct 22 04:29:53 UTC 2025
Commit: Wed Oct 22 08:35:44 UTC 2025
Commit: Wed Oct 22 12:56:18 UTC 2025
Commit: Wed Oct 22 16:33:50 UTC 2025
Commit: Wed Oct 22 20:28:57 UTC 2025
Commit: Thu Oct 23 01:57:06 UTC 2025
Commit: Thu Oct 23 04:29:03 UTC 2025
Commit: Thu Oct 23 08:34:36 UTC 2025
Commit: Thu Oct 23 12:55:20 UTC 2025
Commit: Thu Oct 23 16:32:08 UTC 2025
Commit: Thu Oct 23 20:26:55 UTC 2025
Commit: Fri Oct 24 01:53:12 UTC 2025
Commit: Fri Oct 24 04:29:25 UTC 2025
Commit: Fri Oct 24 08:33:43 UTC 2025
Commit: Fri Oct 24 12:54:30 UTC 2025
Commit: Fri Oct 24 16:32:06 UTC 2025
Commit: Fri Oct 24 20:27:59 UTC 2025
Commit: Mon Oct 27 02:08:16 UTC 2025
Commit: Mon Oct 27 04:35:07 UTC 2025
Commit: Mon Oct 27 08:35:06 UTC 2025
Commit: Mon Oct 27 12:55:21 UTC 2025
Commit: Mon Oct 27 16:33:48 UTC 2025
Commit: Mon Oct 27 20:26:10 UTC 2025
Commit: Tue Oct 28 01:57:39 UTC 2025
Commit: Tue Oct 28 04:29:25 UTC 2025
Commit: Tue Oct 28 08:34:31 UTC 2025
Commit: Tue Oct 28 12:53:53 UTC 2025
Commit: Tue Oct 28 16:34:54 UTC 2025
Commit: Tue Oct 28 20:29:17 UTC 2025
Commit: Wed Oct 29 02:04:47 UTC 2025
Commit: Wed Oct 29 04:32:25 UTC 2025
Commit: Wed Oct 29 08:35:12 UTC 2025
Commit: Wed Oct 29 12:56:00 UTC 2025
Commit: Wed Oct 29 16:35:09 UTC 2025
Commit: Wed Oct 29 20:29:04 UTC 2025
Commit: Thu Oct 30 02:03:48 UTC 2025
Commit: Thu Oct 30 04:29:55 UTC 2025
Commit: Thu Oct 30 08:33:29 UTC 2025
Commit: Thu Oct 30 12:54:18 UTC 2025
Commit: Thu Oct 30 16:33:27 UTC 2025
Commit: Thu Oct 30 20:27:44 UTC 2025
Commit: Fri Oct 31 02:00:49 UTC 2025
Commit: Fri Oct 31 04:30:59 UTC 2025
Commit: Fri Oct 31 08:33:07 UTC 2025
Commit: Fri Oct 31 12:53:54 UTC 2025
Commit: Fri Oct 31 16:32:21 UTC 2025
Commit: Fri Oct 31 20:28:12 UTC 2025
Commit: Mon Nov  3 02:06:09 UTC 2025
Commit: Mon Nov  3 04:34:17 UTC 2025
Commit: Mon Nov  3 08:35:45 UTC 2025
Commit: Mon Nov  3 12:55:04 UTC 2025
Commit: Mon Nov  3 16:30:46 UTC 2025
Commit: Mon Nov  3 20:28:28 UTC 2025
Commit: Tue Nov  4 02:01:09 UTC 2025
Commit: Tue Nov  4 04:29:52 UTC 2025
Commit: Tue Nov  4 08:35:10 UTC 2025
Commit: Tue Nov  4 12:57:43 UTC 2025
Commit: Tue Nov  4 16:32:23 UTC 2025
Commit: Tue Nov  4 20:29:34 UTC 2025
Commit: Wed Nov  5 02:02:36 UTC 2025
Commit: Wed Nov  5 04:30:05 UTC 2025
Commit: Wed Nov  5 08:35:03 UTC 2025
Commit: Wed Nov  5 12:55:08 UTC 2025
Commit: Wed Nov  5 16:34:27 UTC 2025
Commit: Wed Nov  5 20:29:42 UTC 2025
Commit: Thu Nov  6 02:02:44 UTC 2025
Commit: Thu Nov  6 04:32:46 UTC 2025
Commit: Thu Nov  6 08:35:09 UTC 2025
Commit: Thu Nov  6 12:54:27 UTC 2025
